{
    "room-32.map": {
        "stays": {
            "10": {
                "number_of_sat_solutions": 3,
                "overall_sat_time": 49.010557413101196,
                "overall_sat_time_solver": 6.590212345123291,
                "overall_non_sat_time": 368.6222593784332,
                "overall_non_sat_time_solver": 46.64796257019043,
                "overall_paths_sizes_generally_sat": 553,
                "overall_flow_values": 194
            },
            "20": {
                "number_of_sat_solutions": 8,
                "overall_sat_time": 184.5672574043274,
                "overall_sat_time_solver": 27.14973521232605,
                "overall_non_sat_time": 359.37055015563965,
                "overall_non_sat_time_solver": 46.577141761779785,
                "overall_paths_sizes_generally_sat": 1968,
                "overall_flow_values": 457
            },
            "30": {
                "number_of_sat_solutions": 11,
                "overall_sat_time": 271.89411211013794,
                "overall_sat_time_solver": 40.928333044052124,
                "overall_non_sat_time": 325.98206210136414,
                "overall_non_sat_time_solver": 47.22172427177429,
                "overall_paths_sizes_generally_sat": 3017,
                "overall_flow_values": 725
            },
            "40": {
                "number_of_sat_solutions": 9,
                "overall_sat_time": 233.20379376411438,
                "overall_sat_time_solver": 32.55808115005493,
                "overall_non_sat_time": 416.52198910713196,
                "overall_non_sat_time_solver": 60.46124267578125,
                "overall_paths_sizes_generally_sat": 2991,
                "overall_flow_values": 953
            },
            "50": {
                "number_of_sat_solutions": 8,
                "overall_sat_time": 214.28241562843323,
                "overall_sat_time_solver": 30.04230785369873,
                "overall_non_sat_time": 464.3240258693695,
                "overall_non_sat_time_solver": 66.19121384620667,
                "overall_paths_sizes_generally_sat": 2881,
                "overall_flow_values": 1201
            }
        },
        "hot_swapping-2": {
            "10": {
                "number_of_sat_solutions": 9,
                "overall_sat_time": 170.0736005306244,
                "overall_sat_time_solver": 28.810300588607788,
                "overall_non_sat_time": 276.06002140045166,
                "overall_non_sat_time_solver": 43.11564350128174,
                "overall_paths_sizes_generally_sat": 547,
                "overall_flow_values": 248
            },
            "20": {
                "number_of_sat_solutions": 14,
                "overall_sat_time": 383.9062657356262,
                "overall_sat_time_solver": 93.70427322387695,
                "overall_non_sat_time": 260.21780610084534,
                "overall_non_sat_time_solver": 59.84605836868286,
                "overall_paths_sizes_generally_sat": 1904,
                "overall_flow_values": 500
            },
            "30": {
                "number_of_sat_solutions": 16,
                "overall_sat_time": 442.1361982822418,
                "overall_sat_time_solver": 108.07383680343628,
                "overall_non_sat_time": 255.5369095802307,
                "overall_non_sat_time_solver": 58.758838176727295,
                "overall_paths_sizes_generally_sat": 2939,
                "overall_flow_values": 750
            },
            "40": {
                "number_of_sat_solutions": 15,
                "overall_sat_time": 456.3201713562012,
                "overall_sat_time_solver": 103.69854760169983,
                "overall_non_sat_time": 330.861456155777,
                "overall_non_sat_time_solver": 83.61423349380493,
                "overall_paths_sizes_generally_sat": 2835,
                "overall_flow_values": 1000
            },
            "50": {
                "number_of_sat_solutions": 14,
                "overall_sat_time": 467.50080823898315,
                "overall_sat_time_solver": 109.76053214073181,
                "overall_non_sat_time": 365.59928035736084,
                "overall_non_sat_time_solver": 89.73950386047363,
                "overall_paths_sizes_generally_sat": 2817,
                "overall_flow_values": 1250
            }
        },
        "disappearing": {
            "10": {
                "number_of_sat_solutions": 13,
                "overall_sat_time": 239.63271260261536,
                "overall_sat_time_solver": 35.11205554008484,
                "overall_non_sat_time": 196.3283088207245,
                "overall_non_sat_time_solver": 27.793067455291748,
                "overall_paths_sizes_generally_sat": 533,
                "overall_flow_values": 227
            },
            "20": {
                "number_of_sat_solutions": 15,
                "overall_sat_time": 368.0898072719574,
                "overall_sat_time_solver": 60.65513825416565,
                "overall_non_sat_time": 206.76356959342957,
                "overall_non_sat_time_solver": 29.007662057876587,
                "overall_paths_sizes_generally_sat": 1900,
                "overall_flow_values": 479
            },
            "30": {
                "number_of_sat_solutions": 16,
                "overall_sat_time": 390.4469187259674,
                "overall_sat_time_solver": 55.080737352371216,
                "overall_non_sat_time": 228.37062072753906,
                "overall_non_sat_time_solver": 36.021220445632935,
                "overall_paths_sizes_generally_sat": 2935,
                "overall_flow_values": 739
            },
            "40": {
                "number_of_sat_solutions": 16,
                "overall_sat_time": 445.4557387828827,
                "overall_sat_time_solver": 73.28393816947937,
                "overall_non_sat_time": 258.2528896331787,
                "overall_non_sat_time_solver": 37.254499435424805,
                "overall_paths_sizes_generally_sat": 2833,
                "overall_flow_values": 989
            },
            "50": {
                "number_of_sat_solutions": 15,
                "overall_sat_time": 453.80938816070557,
                "overall_sat_time_solver": 71.32709431648254,
                "overall_non_sat_time": 290.62162232398987,
                "overall_non_sat_time_solver": 44.399967670440674,
                "overall_paths_sizes_generally_sat": 2799,
                "overall_flow_values": 1235
            }
        },
        "hot_swapping-0": {
            "10": {
                "number_of_sat_solutions": 13,
                "overall_sat_time": 270.2634708881378,
                "overall_sat_time_solver": 66.90612459182739,
                "overall_non_sat_time": 205.0960259437561,
                "overall_non_sat_time_solver": 36.73253130912781,
                "overall_paths_sizes_generally_sat": 533,
                "overall_flow_values": 250
            },
            "20": {
                "number_of_sat_solutions": 15,
                "overall_sat_time": 411.0075354576111,
                "overall_sat_time_solver": 100.23315000534058,
                "overall_non_sat_time": 238.91720509529114,
                "overall_non_sat_time_solver": 57.976449489593506,
                "overall_paths_sizes_generally_sat": 1888,
                "overall_flow_values": 500
            },
            "30": {
                "number_of_sat_solutions": 17,
                "overall_sat_time": 471.4957661628723,
                "overall_sat_time_solver": 111.69392609596252,
                "overall_non_sat_time": 223.97913599014282,
                "overall_non_sat_time_solver": 53.211400747299194,
                "overall_paths_sizes_generally_sat": 2927,
                "overall_flow_values": 750
            },
            "40": {
                "number_of_sat_solutions": 16,
                "overall_sat_time": 487.00105142593384,