{
    "room-32.map": {
        "stays": {
            "10": {
                "number_of_sat_solutions": 5,
                "overall_sat_time": 77.11833882331848,
                "overall_sat_time_solver": 10.606764793395996,
                "overall_non_sat_time": 768.4527578353882,
                "overall_non_sat_time_solver": 96.35209679603577,
                "overall_paths_sizes_generally_sat": 942,
                "overall_flow_values": 390
            },
            "20": {
                "number_of_sat_solutions": 16,
                "overall_sat_time": 373.62778878211975,
                "overall_sat_time_solver": 59.1412672996521,
                "overall_non_sat_time": 708.3455221652985,
                "overall_non_sat_time_solver": 90.16019916534424,
                "overall_paths_sizes_generally_sat": 3798,
                "overall_flow_values": 923
            },
            "30": {
                "number_of_sat_solutions": 27,
                "overall_sat_time": 660.5430636405945,
                "overall_sat_time_solver": 97.33712983131409,
                "overall_non_sat_time": 544.8215210437775,
                "overall_non_sat_time_solver": 77.51198554039001,
                "overall_paths_sizes_generally_sat": 7289,
                "overall_flow_values": 1463
            },
            "40": {
                "number_of_sat_solutions": 21,
                "overall_sat_time": 533.8143963813782,
                "overall_sat_time_solver": 80.59589767456055,
                "overall_non_sat_time": 742.2810928821564,
                "overall_non_sat_time_solver": 108.38305902481079,
                "overall_paths_sizes_generally_sat": 7148,
                "overall_flow_values": 1915
            },
            "50": {
                "number_of_sat_solutions": 15,
                "overall_sat_time": 396.96856021881104,
                "overall_sat_time_solver": 56.0176899433136,
                "overall_non_sat_time": 956.8912360668182,
                "overall_non_sat_time_solver": 139.89643120765686,
                "overall_paths_sizes_generally_sat": 5576,
                "overall_flow_values": 2419
            }
        },
        "hot_swapping-2": {
            "10": {
                "number_of_sat_solutions": 15,
                "overall_sat_time": 273.7059488296509,
                "overall_sat_time_solver": 47.122302770614624,
                "overall_non_sat_time": 636.914781332016,
                "overall_non_sat_time_solver": 105.86774206161499,
                "overall_paths_sizes_generally_sat": 920,
                "overall_flow_values": 497
            },
            "20": {
                "number_of_sat_solutions": 30,
                "overall_sat_time": 770.2450580596924,
                "overall_sat_time_solver": 173.3062081336975,
                "overall_non_sat_time": 485.6756772994995,
                "overall_non_sat_time_solver": 110.66543769836426,
                "overall_paths_sizes_generally_sat": 3662,
                "overall_flow_values": 1000
            },
            "30": {
                "number_of_sat_solutions": 36,
                "overall_sat_time": 1003.2179136276245,
                "overall_sat_time_solver": 236.05561590194702,
                "overall_non_sat_time": 403.752254486084,
                "overall_non_sat_time_solver": 90.51122188568115,
                "overall_paths_sizes_generally_sat": 7005,
                "overall_flow_values": 1500
            },
            "40": {
                "number_of_sat_solutions": 34,
                "overall_sat_time": 1041.7193865776062,
                "overall_sat_time_solver": 259.5702693462372,
                "overall_non_sat_time": 510.4774651527405,
                "overall_non_sat_time_solver": 126.01288986206055,
                "overall_paths_sizes_generally_sat": 6736,
                "overall_flow_values": 2000
            },
            "50": {
                "number_of_sat_solutions": 30,
                "overall_sat_time": 986.0284147262573,
                "overall_sat_time_solver": 230.49596452713013,
                "overall_non_sat_time": 664.4256031513214,
                "overall_non_sat_time_solver": 158.41254234313965,
                "overall_paths_sizes_generally_sat": 5432,
                "overall_flow_values": 2500
            }
        },
        "disappearing": {
            "10": {
                "number_of_sat_solutions": 21,
                "overall_sat_time": 378.0032391548157,
                "overall_sat_time_solver": 54.20495676994324,
                "overall_non_sat_time": 507.3985323905945,
                "overall_non_sat_time_solver": 75.47046136856079,
                "overall_paths_sizes_generally_sat": 906,
                "overall_flow_values": 452
            },
            "20": {
                "number_of_sat_solutions": 31,
                "overall_sat_time": 726.5149571895599,
                "overall_sat_time_solver": 114.10210132598877,
                "overall_non_sat_time": 406.8432538509369,
                "overall_non_sat_time_solver": 60.0511908531189,
                "overall_paths_sizes_generally_sat": 3658,
                "overall_flow_values": 967
            },
            "30": {
                "number_of_sat_solutions": 36,
                "overall_sat_time": 899.33527135849,
                "overall_sat_time_solver": 129.6308789253235,
                "overall_non_sat_time": 357.0816924571991,
                "overall_non_sat_time_solver": 52.37757468223572,
                "overall_paths_sizes_generally_sat": 6997,
                "overall_flow_values": 1483
            },
            "40": {
                "number_of_sat_solutions": 35,
                "overall_sat_time": 948.6947555541992,
                "overall_sat_time_solver": 150.2013590335846,
                "overall_non_sat_time": 417.630334854126,
                "overall_non_sat_time_solver": 58.33328700065613,
                "overall_paths_sizes_generally_sat": 6712,
                "overall_flow_values": 1979
            },
            "50": {
                "number_of_sat_solutions": 31,
                "overall_sat_time": 922.0792262554169,
                "overall_sat_time_solver": 140.96940994262695,
                "overall_non_sat_time": 548.7796761989594,
                "overall_non_sat_time_solver": 78.47250556945801,
                "overall_paths_sizes_generally_sat": 5398,
                "overall_flow_values": 2475
            }
        },
        "hot_swapping-0": {
            "10": {
                "number_of_sat_solutions": 26,
                "overall_sat_time": 531.5092451572418,
                "overall_sat_time_solver": 126.38718557357788,
                "overall_non_sat_time": 432.3994312286377,
                "overall_non_sat_time_solver": 82.25407934188843,
                "overall_paths_sizes_generally_sat": 906,
                "overall_flow_values": 499
            },
            "20": {
                "number_of_sat_solutions": 32,
                "overall_sat_time": 841.4268982410431,
                "overall_sat_time_solver": 203.9800305366516,
                "overall_non_sat_time": 441.295369386673,
                "overall_non_sat_time_solver": 108.88180136680603,
                "overall_paths_sizes_generally_sat": 3646,
                "overall_flow_values": 1000
            },
            "30": {
                "number_of_sat_solutions": 37,
                "overall_sat_time": 1040.535932302475,
                "overall_sat_time_solver": 238.68940591812134,
                "overall_non_sat_time": 365.25259351730347,
                "overall_non_sat_time_solver": 83.65591263771057,
                "overall_paths_sizes_generally_sat": 6975,
                "overall_flow_values": 1500
            },
            "40": {
                "number_of_sat_solutions": 35,
                "overall_sat_time": 1057.6447207927704,